Project	Minutes	Hours	Days
AI Chatbot Service	4800	80	10
Business Intelligence Platform	4800	80	10
Cloud Infrastructure	4800	80	10
Customer Support Portal	4800	80	10
Data Analytics Dashboard	4800	80	10
DevOps Monitoring System	4800	80	10
E-commerce Platform	4325	72.0833	9.01042
Financial Analytics Dashboard	4800	80	10
Inventory Management System	5275	87.9167	10.9896
Knowledge Base Platform	4800	80	10
Machine Learning Pipeline	4800	80	10
Mobile Banking App	4800	80	10